TELA,Links,Errors,Contrast Errors,Alerts,Features,Structure,ARIA,AIM Score,cod_erro
1,https://datasus.saude.gov.br/,4,44,43,27,59,34,4.9,
2,https://datasus.saude.gov.br/sobre-o-datasus/,5,8,21,5,42,3,6.9,
3,https://www.gov.br/saude/pt-br/composicao/quem-e-quem,6,0,12,61,135,29,8.5,
4,https://datasus.saude.gov.br/estrutura/,4,13,8,4,39,2,6.5,
5,https://datasus.saude.gov.br/sistemas/,4,14,9,5,38,2,5.9,
6,https://datasus.saude.gov.br/material-de-apoio/,5,12,23,4,47,2,6.2,
7,https://datasus.saude.gov.br/catalogo-de-servicos/,4,13,12,5,41,1,6.4,
8,https://datasus.saude.gov.br/desenv-de-software/,4,31,14,4,61,3,4.0,
9,https://datasus.saude.gov.br/fale-conosco/,5,15,20,4,44,4,5.7,
10,https://datasus.saude.gov.br/perguntas-frequentes/,7,8,77,23,258,57,7.2,
11,https://datasus.saude.gov.br/mobilems/,6,15,19,5,49,3,5.7,
12,https://datasus.saude.gov.br/categoria/noticias/,5,34,29,14,55,3,3.8,
13,https://datasus.saude.gov.br/seguranca-da-informacao/,4,17,10,5,45,1,5.8,
14,https://datasus.saude.gov.br/acesso-a-informacao/,4,16,13,11,41,4,5.8,
15,https://datasus.saude.gov.br/processos-seletivos/,4,8,8,5,37,1,6.8,
16,https://meususdigital.saude.gov.br/login,2,11,3,4,3,10,5.7,
17,https://datasus.saude.gov.br/cartao-nacional-de-saude/,4,23,11,5,43,0,4.9,
18,https://datasus.saude.gov.br/informacoes-de-saude-tabnet/,4,23,9,5,55,60,5.6,
19,https://datasus.saude.gov.br/acesso-a-informacao/indicadores-e-dados-basicos/,5,10,10,4,38,0,6.7,
20,http://tabnet.datasus.gov.br/cgi/idb2012/matriz.htm,2,15,22,7,20,0,5.7,
21,https://datasus.saude.gov.br/acesso-a-informacao/rol-de-diretrizes-objetivos-metas-e-indicadores-2013-2015-edicao-2015/,8,11,12,4,38,0,5.8,
22,http://tabnet.datasus.gov.br/cgi/deftohtm.exe?pacto/2015/cnv/coapmundf.def,3,11,12,13,5,0,6.1,
23,https://datasus.saude.gov.br/acesso-a-informacao/rol-de-diretrizes-objetivos-metas-e-indicadores-2013-2015-resultados-passiveis-de-apuracao-quadrimestral-3o-quadrimestre-2015/,7,11,12,4,38,0,5.8,
24,http://tabnet.datasus.gov.br/cgi/deftohtm.exe?pacto/2013Mon/cnv/monitdf.def,3,11,11,13,5,0,5.8,
25,http://tabnet.datasus.gov.br/cgi/deftohtm.exe?pacto/2013Mon/cnv/absdf.def,3,11,11,13,5,0,5.8,
26,https://datasus.saude.gov.br/acesso-a-informacao/rol-de-diretrizes-objetivos-metas-e-indicadores-2013-2015-edicao-2014/,8,11,12,4,38,0,5.8,
27,http://tabnet.datasus.gov.br/cgi/deftohtm.exe?pacto/2014/cnv/coapmundf.def,3,11,12,13,5,0,6.1,
28,http://tabnet.datasus.gov.br/cgi/tabcgi.exe?pacto/2014/cnv/absdf.def,3,11,11,13,5,0,6.1,
29,https://datasus.saude.gov.br/acesso-a-informacao/rol-de-diretrizes-objetivos-metas-e-indicadores-2013-2015-edicao-2013/,8,11,12,4,38,0,5.8,
30,http://tabnet.datasus.gov.br/cgi/deftohtm.exe?pacto/2013/cnv/coapmundf.def,3,11,12,13,5,0,6.1,
31,http://tabnet.datasus.gov.br/cgi/tabcgi.exe?pacto/2013/cnv/absbr.def,14,13,13,15,5,0,5.5,
32,https://datasus.saude.gov.br/acesso-a-informacao/transicao-pacto-pela-saude-e-coap-2012/,7,11,12,4,38,0,5.8,
33,http://tabnet.datasus.gov.br/cgi/deftohtm.exe?pacto/2012/cnv/pactbr.def,18,14,14,16,5,0,6.7,
34,http://tabnet.datasus.gov.br/cgi/deftohtm.exe?pacto/2012/cnv/ABSbr.def,19,15,15,17,5,0,6.0,
35,https://datasus.saude.gov.br/acesso-a-informacao/pacto-pela-saude-2010-2011/,7,11,12,4,38,0,5.8,
36,http://tabnet.datasus.gov.br/cgi/deftohtm.exe?pacto/2010/cnv/pactbr.def,14,13,14,15,5,0,6.4,
37,http://tabnet.datasus.gov.br/cgi/deftohtm.exe?pacto/2010/cnv/ABSbr.def,14,13,14,15,5,0,6.4,
38,https://datasus.saude.gov.br/acesso-a-informacao/pactos-de-atencao-basica/,11,11,12,4,38,0,5.5,
39,http://tabnet.datasus.gov.br/cgi/deftohtm.exe?pacto/2006/cnv/pacbr.def,19,15,15,17,5,0,6.0,
40,http://tabnet.datasus.gov.br/cgi/deftohtm.exe?pacto/2005/cnv/pacbr.def,19,15,15,17,5,0,6.0,
41,http://tabnet.datasus.gov.br/cgi/deftohtm.exe?pacto/2004/cnv/pacbr.def,19,15,15,17,5,0,6.0,
42,http://tabnet.datasus.gov.br/cgi/deftohtm.exe?pacto/2003/cnv/pacbr.def,19,15,15,17,5,0,6.0,
43,http://tabnet.datasus.gov.br/cgi/deftohtm.exe?pacto/2002/cnv/pacbr.def,19,15,14,17,5,0,6.1,
44,http://tabnet.datasus.gov.br/cgi/pacto/2001/cadernosmap.htm,1,0,5,6,3,0,9.6,
45,https://datasus.saude.gov.br/acesso-a-informacao/producao-hospitalar-sih-sus/,13,11,12,4,38,0,5.5,
46,http://tabnet.datasus.gov.br/cgi/deftohtm.exe?sih/cnv/qiuf.def,41,25,23,27,6,0,5.0,
47,http://tabnet.datasus.gov.br/cgi/deftohtm.exe?sih/cnv/piuf.def,26,19,17,21,4,0,5.4,
48,http://tabnet.datasus.gov.br/cgi/deftohtm.exe?sih/cnv/qruf.def,41,25,23,27,6,0,5.0,
49,http://tabnet.datasus.gov.br/cgi/deftohtm.exe?sih/cnv/pruf.def,22,18,16,20,4,0,5.7,
50,http://tabnet.datasus.gov.br/cgi/deftohtm.exe?sih/cnv/qgbr.def,77,37,35,39,6,0,4.3,
51,http://tabnet.datasus.gov.br/cgi/deftohtm.exe?sih/cnv/spauf.def,42,23,21,25,5,0,5.1,
52,http://tabnet.datasus.gov.br/cgi/deftohtm.exe?sih/cnv/spruf.def,46,24,22,26,5,0,5.1,
53,http://tabnet.datasus.gov.br/cgi/deftohtm.exe?sih/cnv/spgbr.def,78,35,33,37,5,0,4.4,
54,https://datasus.saude.gov.br/acesso-a-informacao/producao-ambulatorial-sia-sus/,8,11,13,4,38,0,5.8,
55,http://tabnet.datasus.gov.br/cgi/deftohtm.exe?sia/cnv/qabr.def,84,41,39,43,6,0,3.7,
56,http://tabnet.datasus.gov.br/cgi/deftohtm.exe?sia/cnv/pauf.def,32,19,17,21,4,0,4.8,
57,http://tabnet.datasus.gov.br/cgi/deftohtm.exe?sia/cnv/qbbr.def,68,34,32,36,6,0,4.4,
58,http://tabnet.datasus.gov.br/cgi/deftohtm.exe?sia/cnv/qgbr.def,84,41,39,43,6,0,3.7,
59,https://datasus.saude.gov.br/acesso-a-informacao/imunizacoes-desde-1994/,6,10,10,4,38,3,6.4,
60,http://tabnet.datasus.gov.br/cgi/dhdat.exe?bd_pni/dpnibr.def,68,28,25,26,5,0,4.7,
61,http://tabnet.datasus.gov.br/cgi/dhdat.exe?bd_pni/cpnibr.def,58,24,21,22,5,0,4.8,
62,https://datasus.saude.gov.br/atencao-basica-saude-da-familia-de-1998-a-2015/,10,11,12,4,38,0,5.5,
63,http://tabnet.datasus.gov.br/cgi/deftohtm.exe?siab/cnv/SIABSbr.def,44,25,21,26,4,0,5.1,
64,http://tabnet.datasus.gov.br/cgi/deftohtm.exe?siab/cnv/SIABPbr.def,44,25,21,26,4,0,5.1,
65,http://tabnet.datasus.gov.br/cgi/deftohtm.exe?siab/cnv/SIABFbr.def,44,25,21,26,4,0,5.1,
66,http://tabnet.datasus.gov.br/cgi/deftohtm.exe?siab/cnv/SIABCbr.def,44,25,21,26,4,0,5.1,
67,http://tabnet.datasus.gov.br/cgi/deftohtm.exe?siab/cnv/siabobr.def,44,25,20,26,4,0,5.1,
68,https://datasus.saude.gov.br/acesso-a-informacao/vigilancia-alimentar-e-nutricional/,6,11,13,4,38,0,5.8,
69,http://tabnet.datasus.gov.br/cgi/deftohtm.exe?sisvan/cnv/acom_br.def,20,22,19,24,4,0,3.6,
70,http://tabnet.datasus.gov.br/cgi/deftohtm.exe?bolsa/cnv/ACOMP_br.def,20,19,16,21,4,0,3.3,
71,https://datasus.saude.gov.br/acesso-a-informacao/morbidade-hospitalar-do-sus-sih-sus/,13,11,12,4,38,0,5.5,
72,http://tabnet.datasus.gov.br/cgi/deftohtm.exe?sih/cnv/niuf.def,26,19,17,21,5,0,4.2,
73,http://tabnet.datasus.gov.br/cgi/deftohtm.exe?sih/cnv/nruf.def,26,19,17,21,5,0,4.2,
74,http://tabnet.datasus.gov.br/cgi/deftohtm.exe?sih/cnv/fiuf.def,30,20,18,22,5,0,3.6,
75,http://tabnet.datasus.gov.br/cgi/deftohtm.exe?sih/cnv/fruf.def,30,20,18,22,5,0,3.6,
76,http://tabnet.datasus.gov.br/cgi/deftohtm.exe?sih/cnv/miuf.def,39,20,18,22,4,0,3.9,
77,http://tabnet.datasus.gov.br/cgi/deftohtm.exe?sih/cnv/mruf.def,35,19,17,21,4,0,3.9,
78,http://tabnet.datasus.gov.br/cgi/deftohtm.exe?sih/cnv/eiuf.def,31,18,16,20,4,0,3.6,
79,http://tabnet.datasus.gov.br/cgi/deftohtm.exe?sih/cnv/eruf.def,27,17,15,19,4,0,4.2,
80,http://www2.aids.gov.br/cgi/deftohtm.exe?tabnet/br.def,5,0,30,0,5,0,8.3,
81,https://datasus.saude.gov.br/acesso-a-informacao/casos-de-hanseniase-desde-2001-sinan/,5,11,12,4,38,0,6.4,
82,http://tabnet.datasus.gov.br/cgi/tabcgi.exe?sinannet/cnv/hanswbr.def,164,72,70,75,5,0,3.6,
83,https://datasus.saude.gov.br/acesso-a-informacao/casos-de-tuberculose-desde-2001-sinan/,6,11,11,4,38,0,6.4,
84,http://tabnet.datasus.gov.br/cgi/tabcgi.exe?sinannet/cnv/tubercbr.def,159,79,77,82,5,0,3.3,
85,https://datasus.saude.gov.br/acesso-a-informacao/doencas-e-agravos-de-notificacao-de-2007-em-diante-sinan/,51,11,13,4,38,0,3.1,
86,http://tabnet.datasus.gov.br/cgi/deftohtm.exe?sinannet/cnv/acgrbr.def,273,106,104,109,5,0,3.1,
87,http://tabnet.datasus.gov.br/cgi/deftohtm.exe?sinannet/cnv/animaisbr.def,116,54,52,57,5,0,3.6,
88,http://tabnet.datasus.gov.br/cgi/deftohtm.exe?sinannet/cnv/acbibr.def,221,108,106,111,5,0,3.2,
89,http://tabnet.datasus.gov.br/cgi/deftohtm.exe?sinannet/cnv/antrbr.def,205,101,99,104,5,0,3.2,
90,http://tabnet.datasus.gov.br/cgi/deftohtm.exe?sinannet/cnv/antrbr.def,107,51,49,54,5,0,3.2,
91,http://tabnet.datasus.gov.br/cgi/deftohtm.exe?sinannet/cnv/cancbr.def,215,99,97,102,5,0,3.2,
92,http://tabnet.datasus.gov.br/cgi/deftohtm.exe?sinannet/cnv/colerabr.def,110,48,46,51,5,0,3.4,
93,http://tabnet.datasus.gov.br/cgi/deftohtm.exe?sinannet/cnv/coquebr.def,105,46,44,49,5,0,3.4,
94,http://tabnet.datasus.gov.br/cgi/deftohtm.exe?sinannet/cnv/dermbr.def,224,102,100,105,5,0,3.2,
95,http://tabnet.datasus.gov.br/cgi/deftohtm.exe?sinannet/cnv/denguebr.def,127,56,54,59,5,0,3.6,
96,http://tabnet.datasus.gov.br/cgi/deftohtm.exe?sinannet/cnv/denguebbr.def,151,65,63,68,5,0,3.3,
97,http://tabnet.datasus.gov.br/cgi/deftohtm.exe?sinannet/cnv/difteribr.def,105,46,44,49,5,0,3.4,
98,http://tabnet.datasus.gov.br/cgi/deftohtm.exe?sinannet/cnv/chagasbr.def,124,54,52,56,5,0,3.6,
99,http://tabnet.datasus.gov.br/cgi/deftohtm.exe?sinannet/cnv/exantbr.def,123,52,50,55,5,0,3.6,
100,http://tabnet.datasus.gov.br/cgi/deftohtm.exe?sinannet/cnv/esquistobr.def,148,59,57,62,5,0,3.6,
101,https://opendatasus.saude.gov.br/dataset/febre-amarela-em-humanos-e-primatas-nao-humanos,2,5,14,12,51,36,8.8,
102,http://tabnet.datasus.gov.br/cgi/deftohtm.exe?sinannet/cnv/chikunbr.def,139,56,54,59,5,0,3.6,
103,http://tabnet.datasus.gov.br/cgi/deftohtm.exe?sinannet/cnv/febremaculosabr.def,112,50,48,53,5,0,3.4,
104,http://tabnet.datasus.gov.br/cgi/deftohtm.exe?sinannet/cnv/febretifoidebr.def,118,50,48,53,5,0,3.7,
105,http://tabnet.datasus.gov.br/cgi/deftohtm.exe?sinannet/cnv/hantabr.def,118,53,51,56,5,0,3.6,
106,http://tabnet.datasus.gov.br/cgi/deftohtm.exe?sinannet/cnv/hepabr.def,112,50,48,53,5,0,3.4,
107,http://tabnet.datasus.gov.br/cgi/deftohtm.exe?sinannet/cnv/influbr.def,109,50,48,53,6,0,3.4,
108,http://tabnet.datasus.gov.br/cgi/deftohtm.exe?sinannet/cnv/Intoxbr.def,132,55,53,58,5,0,3.6,
109,http://tabnet.datasus.gov.br/cgi/deftohtm.exe?sinannet/cnv/leishvbr.def,134,57,55,60,5,0,3.6,
110,http://tabnet.datasus.gov.br/cgi/deftohtm.exe?sinannet/cnv/ltabr.def,129,56,54,57,4,0,3.6,
111,http://tabnet.datasus.gov.br/cgi/deftohtm.exe?sinannet/cnv/leptobr.def,129,55,53,58,5,0,3.6,
112,http://tabnet.datasus.gov.br/cgi/deftohtm.exe?sinannet/cnv/lerdorbr.def,216,103,101,106,5,0,3.2,
113,http://tabnet.datasus.gov.br/cgi/deftohtm.exe?sinannet/cnv/malabr.def,121,50,49,53,5,0,3.7,
114,http://tabnet.datasus.gov.br/cgi/deftohtm.exe?sinannet/cnv/meninbr.def,116,48,46,51,5,0,3.4,
115,http://tabnet.datasus.gov.br/cgi/deftohtm.exe?sinannet/cnv/pfabr.def,110,48,46,51,5,0,3.4,
116,http://tabnet.datasus.gov.br/cgi/deftohtm.exe?sinannet/cnv/pairbr.def,212,96,94,99,5,0,3.2,
117,http://tabnet.datasus.gov.br/cgi/deftohtm.exe?sinannet/cnv/pestebr.def,115,50,48,53,5,0,3.7,
118,http://tabnet.datasus.gov.br/cgi/deftohtm.exe?sinannet/cnv/pneubr.def,192,79,77,82,5,0,3.3,
119,http://tabnet.datasus.gov.br/cgi/deftohtm.exe?sinannet/cnv/raivabr.def,125,54,52,57,5,0,3.6,
120,http://tabnet.datasus.gov.br/cgi/deftohtm.exe?sinannet/cnv/rotabr.def,212,85,83,87,5,0,2.9,
121,http://tabnet.datasus.gov.br/cgi/deftohtm.exe?sinannet/cnv/sifilisadquiridabr.def,130,53,51,56,5,0,3.6,
122,http://tabnet.datasus.gov.br/cgi/deftohtm.exe?sinannet/cnv/sifilisbr.def,121,53,51,56,5,0,3.3,
123,http://tabnet.datasus.gov.br/cgi/deftohtm.exe?sinannet/cnv/sifilisgestantebr.def,114,49,47,52,5,0,3.7,
124,http://tabnet.datasus.gov.br/cgi/deftohtm.exe?sinannet/cnv/srubeolacbr.def,110,48,46,51,5,0,3.4,
125,http://tabnet.datasus.gov.br/cgi/deftohtm.exe?sinannet/cnv/tetacidbr.def,109,47,45,50,5,0,3.4,
126,http://tabnet.datasus.gov.br/cgi/deftohtm.exe?sinannet/cnv/tetneobr.def,106,47,45,50,5,0,3.4,
127,http://tabnet.datasus.gov.br/cgi/deftohtm.exe?sinannet/cnv/toxocongenitabr.def,114,50,48,52,5,0,3.4,
128,http://tabnet.datasus.gov.br/cgi/deftohtm.exe?sinannet/cnv/toxogestacionalbr.def,114,50,48,52,5,0,3.4,
129,http://tabnet.datasus.gov.br/cgi/deftohtm.exe?sinannet/cnv/transmentalbr.def,211,95,93,98,5,0,3.2,
130,http://tabnet.datasus.gov.br/cgi/deftohtm.exe?sinannet/cnv/varicelabr.def,138,55,53,58,5,0,3.6,
131,http://tabnet.datasus.gov.br/cgi/deftohtm.exe?sinannet/cnv/violebr.def,168,97,95,100,5,0,3.2,
132,http://tabnet.datasus.gov.br/cgi/deftohtm.exe?sinannet/cnv/zikabr.def,130,53,51,56,5,0,3.3,
133,https://datasus.saude.gov.br/acesso-a-informacao/doencas-e-agravos-de-notificacao-2001-a-2006-sinan/,34,10,27,4,42,1,3.5,
134,http://tabnet.datasus.gov.br/cgi/deftohtm.exe?sinanwin/cnv/animaisbr.def,107,51,49,54,5,0,3.7,
135,http://tabnet.datasus.gov.br/cgi/deftohtm.exe?sinanwin/cnv/botubr.def,98,45,43,48,5,0,3.7,
136,http://tabnet.datasus.gov.br/cgi/deftohtm.exe?sinanwin/cnv/colerabr.def,112,50,48,53,5,0,3.7,
137,http://tabnet.datasus.gov.br/cgi/deftohtm.exe?sinanwin/cnv/coquebr.def,104,48,46,51,5,0,3.4,
138,http://tabnet.datasus.gov.br/cgi/deftohtm.exe?sinanwin/cnv/denguebr.def,114,52,50,55,5,0,3.6,
139,http://tabnet.datasus.gov.br/cgi/deftohtm.exe?sinanwin/cnv/difteribr.def,104,48,46,51,5,0,3.4,
140,http://tabnet.datasus.gov.br/cgi/deftohtm.exe?sinanwin/cnv/chagasbr.def,114,52,50,55,5,0,3.6,
141,http://tabnet.datasus.gov.br/cgi/deftohtm.exe?sinanwin/cnv/exantbr.def,112,50,48,53,5,0,3.7,
142,http://tabnet.datasus.gov.br/cgi/deftohtm.exe?sinanwin/cnv/esquistobr.def,98,45,43,48,5,0,3.7,
143,http://tabnet.datasus.gov.br/cgi/deftohtm.exe?sinanwin/cnv/febreamarelabr.def,112,50,48,53,5,0,3.7,
144,http://tabnet.datasus.gov.br/cgi/deftohtm.exe?sinanwin/cnv/febremaculosabr.def,90,40,38,43,5,0,3.7,
145,http://tabnet.datasus.gov.br/cgi/deftohtm.exe?sinanwin/cnv/febretifoidebr.def,112,50,48,53,5,0,3.7,
146,http://tabnet.datasus.gov.br/cgi/deftohtm.exe?sinanwin/cnv/hantabr.def,115,53,51,56,5,0,3.6,
147,http://tabnet.datasus.gov.br/cgi/deftohtm.exe?sinanwin/cnv/hepabr.def,102,49,47,52,5,0,3.4,
148,http://tabnet.datasus.gov.br/cgi/deftohtm.exe?sinanwin/cnv/agrobr.def,112,53,51,56,5,0,3.6,
149,http://tabnet.datasus.gov.br/cgi/deftohtm.exe?sinanwin/cnv/leishvbr.def,115,53,51,56,5,0,3.6,
150,http://tabnet.datasus.gov.br/cgi/deftohtm.exe?sinanwin/cnv/ltabr.def,119,57,55,60,5,0,3.6,
151,http://tabnet.datasus.gov.br/cgi/deftohtm.exe?sinanwin/cnv/leptobr.def,114,52,50,55,5,0,3.6,
152,http://tabnet.datasus.gov.br/cgi/deftohtm.exe?sinanwin/cnv/malabr.def,114,49,47,52,5,0,3.7,
153,http://tabnet.datasus.gov.br/cgi/deftohtm.exe?sinanwin/cnv/meninbr.def,119,51,49,54,5,0,3.4,
154,http://tabnet.datasus.gov.br/cgi/deftohtm.exe?sinanwin/cnv/pestebr.def,114,52,50,55,5,0,3.6,
155,http://tabnet.datasus.gov.br/cgi/deftohtm.exe?sinanwin/cnv/pfabr.def,109,53,51,56,5,0,3.3,
156,http://tabnet.datasus.gov.br/cgi/deftohtm.exe?sinanwin/cnv/raivabr.def,115,53,51,56,5,0,3.6,
157,http://tabnet.datasus.gov.br/cgi/deftohtm.exe?sinanwin/cnv/sifilisgestantebr.def,98,45,43,48,5,0,3.7,
158,http://tabnet.datasus.gov.br/cgi/deftohtm.exe?sinanwin/cnv/sifilisbr.def,108,52,50,55,5,0,3.3,
159,http://tabnet.datasus.gov.br/cgi/deftohtm.exe?sinanwin/cnv/srubeolacbr.def,100,47,45,50,5,0,3.7,
160,http://tabnet.datasus.gov.br/cgi/deftohtm.exe?sinanwin/cnv/tetacidbr.def,99,46,44,49,5,0,3.7,
161,http://tabnet.datasus.gov.br/cgi/deftohtm.exe?sinanwin/cnv/tetneobr.def,101,48,46,51,5,0,3.4,
162,https://datasus.saude.gov.br/acesso-a-informacao/registro-de-eventos-em-saude-publica-resp-microcefalia/,5,11,12,4,38,0,6.4,
163,http://tabnet.datasus.gov.br/cgi/tabcgi.exe?resp/cnv/respbr.def,79,63,61,65,5,0,3.3,
164,http://tabnet.datasus.gov.br/cgi/deftohtm.exe?sinan/pce/cnv/pcebr.def,43,24,22,26,5,0,5.1,
165,https://datasus.saude.gov.br/acesso-a-informacao/estado-nutricional-sisvan/,7,11,12,4,38,0,5.8,
166,http://tabnet.datasus.gov.br/cgi/deftohtm.exe?sisvan/cnv/acom_br.def,20,22,19,24,4,0,3.6,
167,http://tabnet.datasus.gov.br/cgi/tabcgi.exe?bolsa/cnv/acomp_br.def,20,19,16,21,4,0,3.3,
168,https://datasus.saude.gov.br/acesso-a-informacao/hipertensao-e-diabetes-hiperdia/,5,11,12,4,38,0,5.8,
169,http://tabnet.datasus.gov.br/cgi/deftohtm.exe?hiperdia/cnv/hddf.def,22,27,25,29,4,0,2.9,
170,https://datasus.saude.gov.br/acesso-a-informacao/cancer-de-colo-de-utero-e-de-mama-siscolo-sismama/,5,10,10,4,38,0,6.4,
171,http://w3.datasus.gov.br/siscam/index.php?area=04,20,18,35,9,10,3,3.1,
172,https://datasus.saude.gov.br/acesso-a-informacao/sistema-de-informacao-do-cancer-siscan-colo-do-utero-e-mama/,20,11,12,4,38,0,4.6,
173,http://tabnet.datasus.gov.br/cgi/dhdat.exe?SISCAN/cito_colo_residbr.def,53,34,31,32,5,0,4.1,
174,http://tabnet.datasus.gov.br/cgi/dhdat.exe?SISCAN/cito_colo_atendbr.def,56,34,31,32,5,0,4.4,
175,http://tabnet.datasus.gov.br/cgi/dhdat.exe?SISCAN/cito_colo_pacbr.def,39,23,20,21,5,0,4.8,
176,http://tabnet.datasus.gov.br/cgi/dhdat.exe?siscan/histo_residbr.def,57,38,35,36,5,0,4.0,
177,http://tabnet.datasus.gov.br/cgi/dhdat.exe?siscan/histo_atendbr.def,64,39,36,37,5,0,4.3,
178,http://tabnet.datasus.gov.br/cgi/dhdat.exe?siscan/histo_atendbr.def,33,20,17,18,5,0,5.1,
179,http://tabnet.datasus.gov.br/cgi/dhdat.exe?siscan/mamografia_residbr.def,55,36,33,34,5,0,4.1,
180,http://tabnet.datasus.gov.br/cgi/dhdat.exe?siscan/mamografia_atendbr.def,61,36,33,34,5,0,4.4,
181,http://tabnet.datasus.gov.br/cgi/dhdat.exe?siscan/mamografia_pacbr.def,38,22,19,20,5,0,5.1,
182,http://tabnet.datasus.gov.br/cgi/dhdat.exe?SISCAN/CITOMAMA_RESIDbr.def,57,35,32,33,5,0,4.1,
183,http://tabnet.datasus.gov.br/cgi/dhdat.exe?SISCAN/CITOMAMA_ATENDbr.def,63,35,32,33,5,0,4.4,
184,http://tabnet.datasus.gov.br/cgi/dhdat.exe?SISCAN/CITOMAMA_PACbr.def,41,25,22,23,5,0,4.8,
185,http://tabnet.datasus.gov.br/cgi/dhdat.exe?SISCAN/HISTMAMA_RESID_br.def,61,39,36,37,5,0,4.0,
186,http://tabnet.datasus.gov.br/cgi/dhdat.exe?SISCAN/HISTMAMA_ATEND_br.def,68,40,37,38,5,0,4.3,
187,http://tabnet.datasus.gov.br/cgi/dhdat.exe?SISCAN/HISTMAMA_RESID_PAC_br.def,39,26,23,24,5,0,4.7,
188,http://tabnet.datasus.gov.br/cgi/dhdat.exe?PAINEL_ONCO/PAINEL_ONCOLOGIABR.def,90,35,31,33,5,0,4.1,
189,https://datasus.saude.gov.br/cnes-estabelecimentos,16,11,12,4,38,0,4.6,
190,http://tabnet.datasus.gov.br/cgi/deftohtm.exe?cnes/cnv/estabbr.def,67,33,30,35,5,0,4.4,
191,http://tabnet.datasus.gov.br/cgi/deftohtm.exe?cnes/cnv/atencbr.def,67,33,30,35,5,0,4.4,
192,http://tabnet.datasus.gov.br/cgi/deftohtm.exe?cnes/cnv/servclbr.def,63,32,29,34,4,0,4.4,
193,http://tabnet.datasus.gov.br/cgi/deftohtm.exe?cnes/cnv/servc2br.def,71,34,31,36,5,0,4.4,
194,http://tabnet.datasus.gov.br/cgi/deftohtm.exe?cnes/cnv/habbr.def,72,35,32,37,5,0,4.4,
195,http://tabnet.datasus.gov.br/cgi/deftohtm.exe?cnes/cnv/atambbr.def,67,33,30,35,5,0,4.4,
196,http://tabnet.datasus.gov.br/cgi/deftohtm.exe?cnes/cnv/atintbr.def,67,33,30,35,5,0,4.4,
197,http://tabnet.datasus.gov.br/cgi/deftohtm.exe?cnes/cnv/atsadtbr.def,67,33,30,35,5,0,4.4,
198,http://tabnet.datasus.gov.br/cgi/deftohtm.exe?cnes/cnv/aturgbr.def,67,33,30,35,5,0,4.4,
199,http://tabnet.datasus.gov.br/cgi/deftohtm.exe?cnes/cnv/atvigbr.def,67,33,30,35,5,0,4.4,
200,http://tabnet.datasus.gov.br/cgi/deftohtm.exe?cnes/cnv/atoutbr.def,67,33,30,35,5,0,4.4,
201,https://datasus.saude.gov.br/cnes-recursos-fisicos,13,11,12,4,38,0,4.9,
202,http://tabnet.datasus.gov.br/cgi/deftohtm.exe?cnes/cnv/consulbr.def,67,33,30,35,5,0,4.4,
203,http://tabnet.datasus.gov.br/cgi/deftohtm.exe?cnes/cnv/ambleibr.def,67,33,30,35,5,0,4.4,
204,http://tabnet.datasus.gov.br/cgi/deftohtm.exe?cnes/cnv/leiintbr.def,84,41,38,43,5,0,3.7,
205,http://tabnet.datasus.gov.br/cgi/deftohtm.exe?cnes/cnv/leiutibr.def,71,34,31,36,5,0,4.4,
206,http://tabnet.datasus.gov.br/cgi/deftohtm.exe?cnes/cnv/leiobsbr.def,67,33,30,35,5,0,4.4,
207,http://tabnet.datasus.gov.br/cgi/deftohtm.exe?cnes/cnv/rurgcbr.def,67,33,30,35,5,0,4.4,
208,http://tabnet.datasus.gov.br/cgi/deftohtm.exe?cnes/cnv/recurgbr.def,67,33,30,35,5,0,4.4,
209,http://tabnet.datasus.gov.br/cgi/deftohtm.exe?cnes/cnv/equipobr.def,76,36,33,38,5,0,4.4,
210,https://datasus.saude.gov.br/cnes-recursos-humanos-a-partir-de-agosto-de-2007-ocupacoes-classificadas-pela-cbo-2002,6,11,13,4,38,0,5.8,
211,http://tabnet.datasus.gov.br/cgi/deftohtm.exe?cnes/cnv/proc02br.def,95,40,37,42,5,0,3.7,
212,http://tabnet.datasus.gov.br/cgi/deftohtm.exe?cnes/cnv/prid02br.def,92,40,37,42,5,0,3.7,
213,https://datasus.saude.gov.br/cnes-equipes-de-saude,5,11,12,4,38,0,5.8,
214,http://tabnet.datasus.gov.br/cgi/deftohtm.exe?cnes/cnv/equipebr.def,71,34,31,36,5,0,4.4,
215,https://cnes.datasus.gov.br/,10,22,11,3,18,5,4.3,
216,https://datasus.saude.gov.br/pesquisa-assistencia-medico-sanitaria-ams-2002,15,11,12,4,38,0,4.6,
217,http://tabnet.datasus.gov.br/cgi/deftohtm.exe?ams/cnv/namsabr.def,100,72,69,74,4,0,3.0,
218,http://tabnet.datasus.gov.br/cgi/deftohtm.exe?ams/cnv/uamsabr.def,100,72,69,74,4,0,3.0,
219,http://tabnet.datasus.gov.br/cgi/deftohtm.exe?ams/cnv/namsdbr.def,55,33,30,35,4,0,4.1,
220,http://tabnet.datasus.gov.br/cgi/deftohtm.exe?ams/cnv/uamsdbr.def,55,33,30,35,4,0,4.1,
221,http://tabnet.datasus.gov.br/cgi/deftohtm.exe?ams/cnv/namsmbr.def,54,35,32,37,4,0,4.1,
222,http://tabnet.datasus.gov.br/cgi/deftohtm.exe?ams/cnv/uamsmbr.def,54,35,32,27,4,0,4.1,
223,http://tabnet.datasus.gov.br/cgi/deftohtm.exe?ams/cnv/namsrbr.def,58,36,33,38,4,0,4.1,
224,http://tabnet.datasus.gov.br/cgi/deftohtm.exe?ams/cnv/uamsrbr.def,58,36,33,38,4,0,4.1,
225,http://tabnet.datasus.gov.br/cgi/deftohtm.exe?ams/cnv/namsebr.def,56,34,31,36,4,0,4.1,
226,http://tabnet.datasus.gov.br/cgi/deftohtm.exe?ams/cnv/uamsebr.def,56,34,31,36,4,0,4.1,
227,https://datasus.saude.gov.br/pesquisa-assistencia-medico-sanitaria-ams-1999,11,11,13,4,38,0,5.5,
228,http://tabnet.datasus.gov.br/cgi/deftohtm.exe?ams/cnv/amsabr.def,67,48,45,50,4,0,4.0,
229,http://tabnet.datasus.gov.br/cgi/deftohtm.exe?ams/cnv/amsbbr.def,89,70,67,72,4,0,3.0,
230,http://tabnet.datasus.gov.br/cgi/deftohtm.exe?ams/cnv/amscbr.def,76,57,54,59,4,0,3.0,
231,http://tabnet.datasus.gov.br/cgi/deftohtm.exe?ams/cnv/amsmbr.def,51,32,29,34,4,0,4.1,
232,http://tabnet.datasus.gov.br/cgi/deftohtm.exe?ams/cnv/amsdbr.def,76,57,54,59,4,0,3.0,
233,http://tabnet.datasus.gov.br/cgi/deftohtm.exe?ams/cnv/amsrbr.def,54,32,29,34,4,0,4.1,
234,http://tabnet.datasus.gov.br/cgi/deftohtm.exe?ams/cnv/amsebr.def,52,30,28,32,4,0,4.1,
235,https://datasus.saude.gov.br/pesquisa-assistencia-medico-sanitaria-ams-1992,5,11,12,4,38,0,5.8,
236,http://tabnet.datasus.gov.br/cgi/deftohtm.exe?ams/cnv/amszbr.def,43,27,24,29,4,0,5.0,
237,https://datasus.saude.gov.br/pesquisa-assistencia-medico-sanitaria-ams-1981-a-1990,5,11,12,4,38,0,5.8,
238,http://tabnet.datasus.gov.br/cgi/deftohtm.exe?ams/cnv/amsobr.def,44,25,22,27,4,0,5.1,
239,https://datasus.saude.gov.br/nascidos-vivos-desde-1994,8,11,13,4,38,0,5.8,
240,http://tabnet.datasus.gov.br/cgi/deftohtm.exe?sinasc/cnv/nvuf.def,35,28,28,30,5,0,2.9,
241,http://tabnet.datasus.gov.br/cgi/deftohtm.exe?sinasc/cnv/nvextbr.def,38,28,28,30,5,0,4.7,
242,http://tabnet.datasus.gov.br/cgi/deftohtm.exe?sinasc/Anomalias/anomabr.def,47,31,29,33,5,0,4.4,
243,http://tabnet.datasus.gov.br/cgi/deftohtm.exe?sinasc/compl/dnprincbr.def,17,12,10,15,5,0,6.7,
244,https://datasus.saude.gov.br/mortalidade-desde-1996-pela-cid-10,20,12,25,4,42,1,4.4,
245,http://tabnet.datasus.gov.br/cgi/deftohtm.exe?sim/cnv/obt10uf.def,41,25,24,27,5,0,4.4,
246,http://tabnet.datasus.gov.br/cgi/tabcgi.exe?sim/cnv/OBREXTbr.def,45,26,25,28,5,0,4.4,
247,http://tabnet.datasus.gov.br/cgi/deftohtm.exe?sim/cnv/evita10uf.def,21,20,19,22,5,0,5.1,
248,http://tabnet.datasus.gov.br/cgi/deftohtm.exe?sim/cnv/evitb10uf.def,25,21,20,23,5,0,5.1,
249,http://tabnet.datasus.gov.br/cgi/deftohtm.exe?sim/cnv/inf10uf.def,49,33,32,35,5,0,3.5,
250,http://tabnet.datasus.gov.br/cgi/deftohtm.exe?sim/cnv/mat10uf.def,37,24,25,26,5,0,4.4,
251,http://tabnet.datasus.gov.br/cgi/deftohtm.exe?sim/cnv/ext10uf.def,34,24,23,26,5,0,3.2,
252,http://tabnet.datasus.gov.br/cgi/deftohtm.exe?sim/cnv/fet10uf.def,36,26,25,28,5,0,4.4,
253,http://tabnet.datasus.gov.br/cgi/deftohtm.exe?sim/caumul/caumulbr.def,52,26,24,29,5,0,4.4,
254,http://tabnet.datasus.gov.br/cgi/deftohtm.exe?sim/compl/maldefbr.def,27,19,17,22,5,0,5.7,
255,http://tabnet.datasus.gov.br/cgi/deftohtm.exe?sim/compl/poucutilbr.def,29,18,16,21,5,0,6.0,
256,http://tabnet.datasus.gov.br/cgi/deftohtm.exe?sim/compl/blocbr.def,34,17,15,20,5,0,5.1,
257,http://tabnet.datasus.gov.br/cgi/deftohtm.exe?sim/compl/mifbr.def,35,18,16,21,5,0,5.1,
258,http://tabnet.datasus.gov.br/cgi/deftohtm.exe?sim/compl/cauexbr.def,35,18,16,21,5,0,5.1,
259,https://datasus.saude.gov.br/paineis-de-monitoramento-svs,13,19,18,4,38,0,4.5,
260,https://svs.aids.gov.br/daent/centrais-de-conteudos/paineis-de-monitoramento/natalidade/nascidos-vivos/,1,29,12,32,75,472,5.8,
261,https://svs.aids.gov.br/daent/centrais-de-conteudos/paineis-de-monitoramento/natalidade/grupos-de-robson/,1,10,15,14,88,487,7.8,
262,https://svs.aids.gov.br/daent/centrais-de-conteudos/paineis-de-monitoramento/natalidade/regularidade/,-1,-1,-1,-1,-1,-1,-1,pagina sem resposta Código de erro: RESULT_CODE_HUNG
263,https://svs.aids.gov.br/daent/centrais-de-conteudos/paineis-de-monitoramento/mortalidade/cid10/,1,17,47,21,89,15315,7.0,
264,https://svs.aids.gov.br/daent/centrais-de-conteudos/paineis-de-monitoramento/mortalidade/dcnt/,1,17,47,21,89,1851,6.7,
265,https://svs.aids.gov.br/daent/centrais-de-conteudos/paineis-de-monitoramento/mortalidade/infantil-e-fetal/,1,17,47,21,89,15318,7.0,
266,https://svs.aids.gov.br/daent/centrais-de-conteudos/paineis-de-monitoramento/mortalidade/materna/,1,16,47,20,89,546,6.7,
267,https://svs.aids.gov.br/daent/centrais-de-conteudos/paineis-de-monitoramento/mortalidade/codigos-garbage/,1,18,48,22,90,5877,7.0,
268,https://svs.aids.gov.br/daent/centrais-de-conteudos/paineis-de-monitoramento/mortalidade/regularidade/,-1,-1,-1,-1,-1,-1,-1,pagina sem resposta Código de erro: RESULT_CODE_HUNG
269,https://datasus.saude.gov.br/correcao-e-redistribuicao-de-obitos-segundo-a-pesquisa-de-busca-ativa,6,10,10,4,38,0,5.8,
270,http://tabnet.datasus.gov.br/cgi/deftohtm.exe?obitocorr/cnv/obitocorr.def,11,13,11,15,4,0,4.3,
271,http://tabnet.datasus.gov.br/cgi/deftohtm.exe?obitocorr/cnv/obitoredistr.def,15,14,12,16,4,0,4.3,
272,https://datasus.saude.gov.br/mortalidade-1979-a-1995-pela-cid-9,9,9,26,4,42,1,5.6,
273,http://tabnet.datasus.gov.br/cgi/deftohtm.exe?sim/cnv/fet09uf.def,33,23,21,25,4,0,3.9,
274,http://tabnet.datasus.gov.br/cgi/deftohtm.exe?sim/cnv/inf09uf.def,34,24,22,26,4,0,3.9,
275,http://tabnet.datasus.gov.br/cgi/deftohtm.exe?sim/cnv/ext09uf.def,36,23,21,25,4,0,3.0,
276,https://datasus.saude.gov.br/cancer-sitio-do-inca,5,10,10,4,38,0,6.4,
277,https://mortalidade.inca.gov.br/MortalidadeWeb/,10,0,18,10,4,25,6.9,
278,https://datasus.saude.gov.br/populacao-residente,11,11,12,4,38,0,5.5,
279,http://tabnet.datasus.gov.br/cgi/deftohtm.exe?ibge/cnv/popuf.def,17,16,14,18,5,0,3.7,
280,http://tabnet.datasus.gov.br/cgi/deftohtm.exe?ibge/cnv/popuf.def,6,11,12,13,5,0,5.2,
281,http://tabnet.datasus.gov.br/cgi/deftohtm.exe?ibge/cnv/reprojpopbr.def,14,13,11,15,4,0,4.3,
282,http://tabnet.datasus.gov.br/cgi/deftohtm.exe?ibge/cnv/reprojpopuf.def,15,14,12,16,4,0,4.3,
283,http://tabnet.datasus.gov.br/cgi/deftohtm.exe?ibge/cnv/projpopuf.def,19,15,13,17,4,0,4.0,
284,http://tabnet.datasus.gov.br/cgi/deftohtm.exe?ibge/cnv/popsvsbr.def,56,28,26,30,5,0,4.1,
285,https://datasus.saude.gov.br/educacao-censos-1991-2000-e-2010,8,11,12,4,38,0,5.5,
286,http://tabnet.datasus.gov.br/cgi/deftohtm.exe?ibge/censo/cnv/alfuf,10,15,13,17,4,0,4.3,
287,http://tabnet.datasus.gov.br/cgi/deftohtm.exe?ibge/censo/cnv/escauf,10,15,13,17,5,0,4.3,
288,http://tabnet.datasus.gov.br/cgi/deftohtm.exe?ibge/censo/cnv/escbuf,10,15,13,17,5,0,4.3,
289,https://datasus.saude.gov.br/trabalho-e-renda-censos-1991-2000-e-2010,13,11,12,4,38,0,4.9,
290,http://tabnet.datasus.gov.br/cgi/deftohtm.exe?ibge/censo/cnv/rendauf,7,12,10,14,5,0,4.9,
291,http://tabnet.datasus.gov.br/cgi/ibge/censo/cnv/giniuf,-1,-1,-1,-1,-1,-1,-1,HTTP Error 404.0 - Not Found
292,http://tabnet.datasus.gov.br/cgi/ibge/censo/cnv/razaouf,-1,-1,-1,-1,-1,-1,-1,HTTP Error 404.0 - Not Found
293,http://tabnet.datasus.gov.br/cgi/deftohtm.exe?ibge/censo/cnv/pobrezauf,7,12,10,14,5,0,4.9,
294,http://tabnet.datasus.gov.br/cgi/deftohtm.exe?ibge/censo/cnv/crianpobruf,7,12,10,14,5,0,4.9,
295,http://tabnet.datasus.gov.br/cgi/deftohtm.exe?ibge/censo/cnv/desempruf,7,12,10,14,5,0,4.9,
296,http://tabnet.datasus.gov.br/cgi/deftohtm.exe?ibge/censo/cnv/trabinfuf,7,12,10,14,5,0,4.9,
297,http://tabnet.datasus.gov.br/cgi/deftohtm.exe?ibge/censo/cnv/idosouf,9,14,12,16,4,0,4.3,
298,https://datasus.saude.gov.br/produto-interno-bruto,6,11,13,4,38,0,5.8,
299,http://tabnet.datasus.gov.br/cgi/deftohtm.exe?ibge/cnv/pibmunbuf,6,11,9,13,5,0,5.3,
300,http://tabnet.datasus.gov.br/cgi/deftohtm.exe?ibge/cnv/pibmunuf,6,11,9,13,5,0,5.3,
301,https://datasus.saude.gov.br/saneamento-censos-1991-2000-e-2010,8,9,26,4,42,1,5.6,
302,http://tabnet.datasus.gov.br/cgi/deftohtm.exe?ibge/cnv/aaguf,11,13,11,15,4,0,4.3,
303,http://tabnet.datasus.gov.br/cgi/deftohtm.exe?ibge/cnv/sanuf,12,14,12,16,4,0,4.3,
304,http://tabnet.datasus.gov.br/cgi/deftohtm.exe?ibge/cnv/lixuf,8,13,11,15,4,0,4.9,
305,https://datasus.saude.gov.br/pns-pesquisa-nacional-de-saude-2013,27,10,10,4,38,0,3.7,
306,http://tabnet.datasus.gov.br/cgi/deftohtm.exe?pns/pnsa.def,53,49,47,51,5,0,1.9,
307,http://tabnet.datasus.gov.br/cgi/deftohtm.exe?pns/pnsb.def,19,18,16,20,5,0,3.6,
308,http://tabnet.datasus.gov.br/cgi/deftohtm.exe?pns/pnsg.def,63,53,51,55,5,0,1.8,
309,http://tabnet.datasus.gov.br/cgi/deftohtm.exe?pns/pnsi.def,42,35,33,37,5,0,2.3,
310,http://tabnet.datasus.gov.br/cgi/deftohtm.exe?pns/pnsj.def,135,83,81,85,5,0,1.1,
311,http://tabnet.datasus.gov.br/cgi/deftohtm.exe?pns/pnska.def,95,80,78,82,5,0,1.1,
312,http://tabnet.datasus.gov.br/cgi/deftohtm.exe?pns/pnsl.def,65,55,53,57,5,0,1.2,
313,http://tabnet.datasus.gov.br/cgi/deftohtm.exe?pns/pnsn.def,53,46,44,48,5,0,1.9,
314,http://tabnet.datasus.gov.br/cgi/deftohtm.exe?pns/pnsoa.def,63,50,48,52,5,0,1.9,
315,http://tabnet.datasus.gov.br/cgi/deftohtm.exe?pns/pnsov.def,66,47,45,49,5,0,1.9,
316,http://tabnet.datasus.gov.br/cgi/deftohtm.exe?pns/pnspf.def,72,62,60,64,5,0,1.2,
317,http://tabnet.datasus.gov.br/cgi/deftohtm.exe?pns/pnspa.def,53,46,44,48,5,0,2.2,
318,http://tabnet.datasus.gov.br/cgi/deftohtm.exe?pns/pnspb.def,54,44,42,46,5,0,2.2,
319,http://tabnet.datasus.gov.br/cgi/deftohtm.exe?pns/pnsqa.def,84,62,60,64,5,0,1.2,
320,http://tabnet.datasus.gov.br/cgi/deftohtm.exe?pns/pnsqb.def,97,75,73,77,5,0,1.2,
321,http://tabnet.datasus.gov.br/cgi/deftohtm.exe?pns/pnsqc.def,81,62,60,64,5,0,1.2,
322,http://tabnet.datasus.gov.br/cgi/deftohtm.exe?pns/pnsqd.def,112,78,76,80,5,0,1.2,
323,http://tabnet.datasus.gov.br/cgi/deftohtm.exe?pns/pnsqe.def,77,55,53,57,5,0,1.2,
324,http://tabnet.datasus.gov.br/cgi/deftohtm.exe?pns/pnskb.def,35,28,26,30,5,0,2.9,
325,http://tabnet.datasus.gov.br/cgi/deftohtm.exe?pns/pnsr.def,110,88,86,90,5,0,1.1,
326,http://tabnet.datasus.gov.br/cgi/deftohtm.exe?pns/pnss.def,111,92,90,94,5,0,1.1,
327,http://tabnet.datasus.gov.br/cgi/deftohtm.exe?pns/pnsu.def,70,48,46,50,5,0,1.3,
328,http://tabnet.datasus.gov.br/cgi/deftohtm.exe?pns/pnsx.def,82,63,61,65,5,0,1.2,
329,https://datasus.saude.gov.br/pnad-pesquisa-nacional-por-amostra-de-domicilios-questionario-basico,7,10,10,4,38,0,5.8,
330,http://tabnet.datasus.gov.br/cgi/deftohtm.exe?pnad/cnv/pnadc.def,29,31,29,33,5,0,2.9,
331,http://tabnet.datasus.gov.br/cgi/deftohtm.exe?pnad/cnv/pnadb.def,29,31,29,33,5,0,2.9,
332,http://tabnet.datasus.gov.br/cgi/deftohtm.exe?pnad/cnv/pnada.def,29,31,29,33,5,0,2.9,
333,https://datasus.saude.gov.br/pnad-pesquisa-nacional-por-amostra-de-domicilios-suplemento-saude,7,10,10,4,30,0,5.8,
334,http://tabnet.datasus.gov.br/cgi/deftohtm.exe?pnad2008/pnad.def,39,44,41,46,5,0,1.9,
335,http://tabnet.datasus.gov.br/cgi/deftohtm.exe?pnad2003/pnad.def,32,37,34,39,5,0,2.5,
336,http://tabnet.datasus.gov.br/cgi/deftohtm.exe?pnad1998/pnad.def,29,34,31,36,5,0,2.6,
337,https://datasus.saude.gov.br/vigitel-vigilancia-de-fatores-de-risco-e-protecao-para-doencas-cronicas-por-inquerito-telefonico,10,9,23,4,42,1,5.3,
338,http://tabnet.datasus.gov.br/cgi/deftohtm.exe?vigitel/vigitel10.def,12,17,14,19,5,0,4.3,
339,http://tabnet.datasus.gov.br/cgi/deftohtm.exe?vigitel/vigitel09.def,12,17,14,19,5,0,4.3,
340,http://tabnet.datasus.gov.br/cgi/deftohtm.exe?vigitel/vigitel08.def,12,17,14,19,5,0,4.3,
341,http://tabnet.datasus.gov.br/cgi/deftohtm.exe?vigitel/vigitel07.def,11,16,13,18,5,0,4.3,
342,http://tabnet.datasus.gov.br/cgi/deftohtm.exe?vigitel/vigitel06.def,9,14,11,16,5,0,4.3,
343,https://datasus.saude.gov.br/viva-vigilancia-de-violencias-e-acidentes,8,10,10,4,38,0,5.8,
344,http://tabnet.datasus.gov.br/cgi/deftohtm.exe?viva/2011/viva11p.def,119,73,73,75,5,0,3.3,
345,http://tabnet.datasus.gov.br/cgi/deftohtm.exe?viva/2009/viva09.def,113,73,71,75,5,0,3.3,
346,http://tabnet.datasus.gov.br/cgi/deftohtm.exe?viva/2007/viva07.def,96,62,60,64,5,0,3.3,
347,http://tabnet.datasus.gov.br/cgi/deftohtm.exe?viva/2006/viva06.def,89,67,65,69,5,0,3.3,
348,https://datasus.saude.gov.br/inquerito-domiciliar-de-fatores-de-risco-para-doencas-e-agravos-nao-transmissiveis-2002-2003,5,10,9,4,38,0,6.5,
349,http://www1.inca.gov.br/inquerito_online/,-1,-1,-1,-1,-1,-1,-1,ERR_CONNECTION_TIMED_OUT
350,https://datasus.saude.gov.br/inqueritos-de-saude-bucal-1996,6,9,22,4,42,1,6.3,
351,http://tabnet.datasus.gov.br/cgi/deftohtm.exe?sbucal/sbbr.def,120,41,38,43,4,0,1.3,
352,https://datasus.saude.gov.br/nquerito-nacional-de-prevalencia-da-esquistossomose-e-geo-helmintoses-2011-2015,8,11,12,4,38,0,5.5,
353,http://tabnet.datasus.gov.br/cgi/deftohtm.exe?sinan/inpeg/cnv/inpegbr.def,24,20,18,22,4,0,5.7,
354,https://www.cpqrr.fiocruz.br/inpeg/,-1,-1,-1,-1,-1,-1,-1,"Not Found
The requested URL /inpeg/ was not found on this server."
355,https://www.ans.gov.br/anstabnet/,1,0,19,8,14,0,9.3,
356,http://tabnet.datasus.gov.br/cgi/deftohtm.exe?recsus/cnv/rsbr.def,1,0,11,23,4,0,9.7,
357,http://tabnet.datasus.gov.br/cgi/deftohtm.exe?recsus/cnv/rpbr.def,1,0,11,24,4,0,9.7,
358,http://tabnet.datasus.gov.br/cgi/deftohtm.exe?gap/cnv/gpbr.def,1,0,11,16,4,0,9.4,
359,http://tabnet.datasus.gov.br/cgi/tabcgi.exe?logtabnet/log.def,24,16,14,19,5,0,3.7,
360,https://datasus.saude.gov.br/servicos/,4,10,8,4,42,24,6.8,
361,https://datasus.saude.gov.br/transferencia-de-arquivos/,10,17,28,6,49,1,4.7,
362,https://universus.saude.gov.br/login/index.php,7,0,1,9,12,21,7.6,
363,http://forum.datasus.gov.br/index.php,5,2,265,6,254,128,7.9,
364,https://datasus.saude.gov.br/central-unica-de-servicos-tic/,5,20,26,8,42,1,4.7,
365,https://datasus.saude.gov.br/publicacoes,4,16,17,4,50,36,5.7,
366,https://datasus.saude.gov.br/sistema-de-gestao/,5,12,21,4,42,1,5.7,
367,https://sargsus.saude.gov.br/sargsus/login!usuarioLogado.action?SARGSUS_TOKEN=2QG9-2X3K-0P2H-93S8-SGR6-6MVB-D8ZH-VBX0,6,4,5,3,6,0,6.3,
368,https://datasus.saude.gov.br/desenv-de-software/,4,31,14,4,61,3,4.0,
369,https://datasus.saude.gov.br/metodologia-de-priorizacao-de-projetos-digitais-em-saude/,4,20,15,4,47,0,4.8,
370,https://datasus.saude.gov.br/metodologia-de-gerenciamento-de-projetos-mgp,5,25,29,4,55,36,4.7,
371,https://datasus.saude.gov.br/metodologia-de-gerenciamento-de-processos-mgproc,4,10,11,4,46,0,6.7,
372,https://datasus.saude.gov.br/diretriz-arquitetural-guia-de-desenvolvimento-de-sistemas/,4,12,9,4,41,0,5.9,
373,https://datasus.saude.gov.br/mdsa,4,21,10,4,45,0,4.9,
374,https://datasus.saude.gov.br/metodologia-de-desenvolvimento-de-servicos-mdsoa/,14,13,10,4,41,0,5.8,
375,https://datasus.saude.gov.br/processo-de-genrenciamento-e-desenvolvimento-mobile-pgdm,4,35,12,4,51,0,3.7,
376,https://datasus.saude.gov.br/metodologias-mds/,4,26,10,4,51,0,4.6,
377,https://datasus.saude.gov.br/metodologia-de-administracao-de-dados-mad/,4,26,11,4,54,3,4.6,
378,https://datasus.saude.gov.br/termos,4,11,11,4,40,7,6.4,
379,https://datasus.saude.gov.br/seguranca-da-informacao/,4,17,10,5,45,1,5.8,
380,https://datasus.saude.gov.br/internalizacoes,4,33,23,4,55,0,3.8,